table,panel,row,col,old,new,delta
OLS_CHN_hukou_rural_first_consumption_urban_bal.tex,China,Urban,1,0.234,0.258,+0.024
OLS_CHN_hukou_rural_first_consumption_urban_bal.tex,China,Urban,2,0.233,0.258,+0.025
OLS_CHN_hukou_rural_first_consumption_urban_bal.tex,China,Urban,3,0.219,0.246,+0.027
OLS_CHN_hukou_rural_first_consumption_urban_bal.tex,China,Urban,4,0.186,0.211,+0.025
OLS_CHN_hukou_rural_first_consumption_urban_bal.tex,China,Urban,5,0.040,0.033,-0.007
OLS_CHN_hukou_rural_first_consumption_urban_bal.tex,China,Urban,6,0.092,0.109,+0.017
OLS_CHN_hukou_rural_first_consumption_urban_bal.tex,China,Observations,1,42407,42404,-3.000
OLS_CHN_hukou_rural_first_consumption_urban_bal.tex,China,Observations,2,42407,42404,-3.000
OLS_CHN_hukou_rural_first_consumption_urban_bal.tex,China,Observations,3,42407,42404,-3.000
OLS_CHN_hukou_rural_first_consumption_urban_bal.tex,China,Observations,4,42407,42404,-3.000
OLS_CHN_hukou_rural_first_consumption_urban_bal.tex,China,Observations,5,4284,4284,+0.000
OLS_CHN_hukou_rural_first_consumption_urban_bal.tex,China,Observations,6,42407,42404,-3.000
OLS_CHN_hukou_rural_first_consumption_urban_bal.tex,China,Individuals,1,10602,10601,-1.000
OLS_CHN_hukou_rural_first_consumption_urban_bal.tex,China,Individuals,2,10602,10601,-1.000
OLS_CHN_hukou_rural_first_consumption_urban_bal.tex,China,Individuals,3,10602,10601,-1.000
OLS_CHN_hukou_rural_first_consumption_urban_bal.tex,China,Individuals,4,10602,10601,-1.000
OLS_CHN_hukou_rural_first_consumption_urban_bal.tex,China,Individuals,5,1071,1071,+0.000
OLS_CHN_hukou_rural_first_consumption_urban_bal.tex,China,Individuals,6,10602,10601,-1.000
OLS_CHN_hukou_rural_first_consumption_urban_unb.tex,China,Urban,1,0.270,0.298,+0.028
OLS_CHN_hukou_rural_first_consumption_urban_unb.tex,China,Urban,2,0.269,0.298,+0.029
OLS_CHN_hukou_rural_first_consumption_urban_unb.tex,China,Urban,3,0.253,0.284,+0.031
OLS_CHN_hukou_rural_first_consumption_urban_unb.tex,China,Urban,4,0.224,0.251,+0.027
OLS_CHN_hukou_rural_first_consumption_urban_unb.tex,China,Urban,5,0.040,0.033,-0.007
OLS_CHN_hukou_rural_first_consumption_urban_unb.tex,China,Urban,6,0.104,0.141,+0.037
OLS_CHN_hukou_rural_first_consumption_urban_unb.tex,China,Observations,1,80742,80742,+0.000
OLS_CHN_hukou_rural_first_consumption_urban_unb.tex,China,Observations,2,80742,80742,+0.000
OLS_CHN_hukou_rural_first_consumption_urban_unb.tex,China,Observations,3,80742,80742,+0.000
OLS_CHN_hukou_rural_first_consumption_urban_unb.tex,China,Observations,4,80742,80742,+0.000
OLS_CHN_hukou_rural_first_consumption_urban_unb.tex,China,Observations,5,4284,4284,+0.000
OLS_CHN_hukou_rural_first_consumption_urban_unb.tex,China,Observations,6,80742,80742,+0.000
OLS_CHN_hukou_rural_first_consumption_urban_unb.tex,China,Individuals,1,25491,25491,+0.000
OLS_CHN_hukou_rural_first_consumption_urban_unb.tex,China,Individuals,2,25491,25491,+0.000
OLS_CHN_hukou_rural_first_consumption_urban_unb.tex,China,Individuals,3,25491,25491,+0.000
OLS_CHN_hukou_rural_first_consumption_urban_unb.tex,China,Individuals,4,25491,25491,+0.000
OLS_CHN_hukou_rural_first_consumption_urban_unb.tex,China,Individuals,5,1071,1071,+0.000
OLS_CHN_hukou_rural_first_consumption_urban_unb.tex,China,Individuals,6,25491,25491,+0.000
OLS_CHN_hukou_rural_first_income_urban_unb.tex,China,Urban,1,0.638,0.664,+0.026
OLS_CHN_hukou_rural_first_income_urban_unb.tex,China,Urban,2,0.686,0.712,+0.026
OLS_CHN_hukou_rural_first_income_urban_unb.tex,China,Urban,3,0.593,0.623,+0.030
OLS_CHN_hukou_rural_first_income_urban_unb.tex,China,Urban,4,0.564,0.592,+0.028
OLS_CHN_hukou_rural_first_income_urban_unb.tex,China,Urban,5,0.079,0.155,+0.076
OLS_CHN_hukou_rural_first_income_urban_unb.tex,China,Urban,6,0.313,0.370,+0.057
OLS_CHN_hukou_rural_first_income_urban_unb.tex,China,Observations,1,25757,25546,-211.000
OLS_CHN_hukou_rural_first_income_urban_unb.tex,China,Observations,2,25757,25546,-211.000
OLS_CHN_hukou_rural_first_income_urban_unb.tex,China,Observations,3,25757,25546,-211.000
OLS_CHN_hukou_rural_first_income_urban_unb.tex,China,Observations,4,25757,25546,-211.000
OLS_CHN_hukou_rural_first_income_urban_unb.tex,China,Observations,5,256,248,-8.000
OLS_CHN_hukou_rural_first_income_urban_unb.tex,China,Observations,6,25757,25546,-211.000
OLS_CHN_hukou_rural_first_income_urban_unb.tex,China,Individuals,1,11034,10951,-83.000
OLS_CHN_hukou_rural_first_income_urban_unb.tex,China,Individuals,2,11034,10951,-83.000
OLS_CHN_hukou_rural_first_income_urban_unb.tex,China,Individuals,3,11034,10951,-83.000
OLS_CHN_hukou_rural_first_income_urban_unb.tex,China,Individuals,4,11034,10951,-83.000
OLS_CHN_hukou_rural_first_income_urban_unb.tex,China,Individuals,5,64,62,-2.000
OLS_CHN_hukou_rural_first_income_urban_unb.tex,China,Individuals,6,11034,10951,-83.000
OLS_CHN_hukou_rural_only_consumption_urban_bal.tex,China,Urban,1,0.200,0.219,+0.019
OLS_CHN_hukou_rural_only_consumption_urban_bal.tex,China,Urban,2,0.200,0.219,+0.019
OLS_CHN_hukou_rural_only_consumption_urban_bal.tex,China,Urban,3,0.180,0.203,+0.023
OLS_CHN_hukou_rural_only_consumption_urban_bal.tex,China,Urban,4,0.155,0.175,+0.020
OLS_CHN_hukou_rural_only_consumption_urban_bal.tex,China,Urban,5,0.022,0.016,-0.006
OLS_CHN_hukou_rural_only_consumption_urban_bal.tex,China,Urban,6,0.088,0.106,+0.018
OLS_CHN_hukou_rural_only_consumption_urban_bal.tex,China,Observations,1,39571,39568,-3.000
OLS_CHN_hukou_rural_only_consumption_urban_bal.tex,China,Observations,2,39571,39568,-3.000
OLS_CHN_hukou_rural_only_consumption_urban_bal.tex,China,Observations,3,39571,39568,-3.000
OLS_CHN_hukou_rural_only_consumption_urban_bal.tex,China,Observations,4,39571,39568,-3.000
OLS_CHN_hukou_rural_only_consumption_urban_bal.tex,China,Observations,5,4008,4008,+0.000
OLS_CHN_hukou_rural_only_consumption_urban_bal.tex,China,Observations,6,39571,39568,-3.000
OLS_CHN_hukou_rural_only_consumption_urban_bal.tex,China,Individuals,1,9893,9892,-1.000
OLS_CHN_hukou_rural_only_consumption_urban_bal.tex,China,Individuals,2,9893,9892,-1.000
OLS_CHN_hukou_rural_only_consumption_urban_bal.tex,China,Individuals,3,9893,9892,-1.000
OLS_CHN_hukou_rural_only_consumption_urban_bal.tex,China,Individuals,4,9893,9892,-1.000
OLS_CHN_hukou_rural_only_consumption_urban_bal.tex,China,Individuals,5,1002,1002,+0.000
OLS_CHN_hukou_rural_only_consumption_urban_bal.tex,China,Individuals,6,9893,9892,-1.000
OLS_CHN_hukou_rural_only_consumption_urban_unb.tex,China,Urban,1,0.246,0.271,+0.025
OLS_CHN_hukou_rural_only_consumption_urban_unb.tex,China,Urban,2,0.246,0.270,+0.024
OLS_CHN_hukou_rural_only_consumption_urban_unb.tex,China,Urban,3,0.222,0.250,+0.028
OLS_CHN_hukou_rural_only_consumption_urban_unb.tex,China,Urban,4,0.198,0.224,+0.026
OLS_CHN_hukou_rural_only_consumption_urban_unb.tex,China,Urban,5,0.022,0.016,-0.006
OLS_CHN_hukou_rural_only_consumption_urban_unb.tex,China,Urban,6,0.108,0.146,+0.038
OLS_CHN_hukou_rural_only_consumption_urban_unb.tex,China,Observations,1,75748,75748,+0.000
OLS_CHN_hukou_rural_only_consumption_urban_unb.tex,China,Observations,2,75748,75748,+0.000
OLS_CHN_hukou_rural_only_consumption_urban_unb.tex,China,Observations,3,75748,75748,+0.000
OLS_CHN_hukou_rural_only_consumption_urban_unb.tex,China,Observations,4,75748,75748,+0.000
OLS_CHN_hukou_rural_only_consumption_urban_unb.tex,China,Observations,5,4008,4008,+0.000
OLS_CHN_hukou_rural_only_consumption_urban_unb.tex,China,Observations,6,75748,75748,+0.000
OLS_CHN_hukou_rural_only_consumption_urban_unb.tex,China,Individuals,1,23989,23989,+0.000
OLS_CHN_hukou_rural_only_consumption_urban_unb.tex,China,Individuals,2,23989,23989,+0.000
OLS_CHN_hukou_rural_only_consumption_urban_unb.tex,China,Individuals,3,23989,23989,+0.000
OLS_CHN_hukou_rural_only_consumption_urban_unb.tex,China,Individuals,4,23989,23989,+0.000
OLS_CHN_hukou_rural_only_consumption_urban_unb.tex,China,Individuals,5,1002,1002,+0.000
OLS_CHN_hukou_rural_only_consumption_urban_unb.tex,China,Individuals,6,23989,23989,+0.000
OLS_CHN_hukou_rural_only_income_urban_unb.tex,China,Urban,1,0.606,0.628,+0.022
OLS_CHN_hukou_rural_only_income_urban_unb.tex,China,Urban,2,0.649,0.671,+0.022
OLS_CHN_hukou_rural_only_income_urban_unb.tex,China,Urban,3,0.493,0.522,+0.029
OLS_CHN_hukou_rural_only_income_urban_unb.tex,China,Urban,4,0.479,0.506,+0.027
OLS_CHN_hukou_rural_only_income_urban_unb.tex,China,Urban,5,0.014,0.109,+0.095
OLS_CHN_hukou_rural_only_income_urban_unb.tex,China,Urban,6,0.300,0.359,+0.059
OLS_CHN_hukou_rural_only_income_urban_unb.tex,China,Observations,1,23481,23282,-199.000
OLS_CHN_hukou_rural_only_income_urban_unb.tex,China,Observations,2,23481,23282,-199.000
OLS_CHN_hukou_rural_only_income_urban_unb.tex,China,Observations,3,23481,23282,-199.000
OLS_CHN_hukou_rural_only_income_urban_unb.tex,China,Observations,4,23481,23282,-199.000
OLS_CHN_hukou_rural_only_income_urban_unb.tex,China,Observations,5,232,224,-8.000
OLS_CHN_hukou_rural_only_income_urban_unb.tex,China,Observations,6,23481,23282,-199.000
OLS_CHN_hukou_rural_only_income_urban_unb.tex,China,Individuals,1,10095,10014,-81.000
OLS_CHN_hukou_rural_only_income_urban_unb.tex,China,Individuals,2,10095,10014,-81.000
OLS_CHN_hukou_rural_only_income_urban_unb.tex,China,Individuals,3,10095,10014,-81.000
OLS_CHN_hukou_rural_only_income_urban_unb.tex,China,Individuals,4,10095,10014,-81.000
OLS_CHN_hukou_rural_only_income_urban_unb.tex,China,Individuals,5,58,56,-2.000
OLS_CHN_hukou_rural_only_income_urban_unb.tex,China,Individuals,6,10095,10014,-81.000
OLS_CHN_hukou_urban_first_consumption_urban_bal.tex,China,Urban,1,0.219,0.246,+0.027
OLS_CHN_hukou_urban_first_consumption_urban_bal.tex,China,Urban,2,0.218,0.245,+0.027
OLS_CHN_hukou_urban_first_consumption_urban_bal.tex,China,Urban,3,0.200,0.234,+0.034
OLS_CHN_hukou_urban_first_consumption_urban_bal.tex,China,Urban,4,0.151,0.180,+0.029
OLS_CHN_hukou_urban_first_consumption_urban_bal.tex,China,Urban,5,0.047,0.025,-0.022
OLS_CHN_hukou_urban_first_consumption_urban_bal.tex,China,Urban,6,0.042,0.053,+0.011
OLS_CHN_hukou_urban_first_consumption_urban_bal.tex,China,Observations,1,14364,14364,+0.000
OLS_CHN_hukou_urban_first_consumption_urban_bal.tex,China,Observations,2,14364,14364,+0.000
OLS_CHN_hukou_urban_first_consumption_urban_bal.tex,China,Observations,3,14364,14364,+0.000
OLS_CHN_hukou_urban_first_consumption_urban_bal.tex,China,Observations,4,14364,14364,+0.000
OLS_CHN_hukou_urban_first_consumption_urban_bal.tex,China,Observations,5,376,376,+0.000
OLS_CHN_hukou_urban_first_consumption_urban_bal.tex,China,Observations,6,14364,14364,+0.000
OLS_CHN_hukou_urban_first_consumption_urban_bal.tex,China,Individuals,1,3591,3591,+0.000
OLS_CHN_hukou_urban_first_consumption_urban_bal.tex,China,Individuals,2,3591,3591,+0.000
OLS_CHN_hukou_urban_first_consumption_urban_bal.tex,China,Individuals,3,3591,3591,+0.000
OLS_CHN_hukou_urban_first_consumption_urban_bal.tex,China,Individuals,4,3591,3591,+0.000
OLS_CHN_hukou_urban_first_consumption_urban_bal.tex,China,Individuals,5,94,94,+0.000
OLS_CHN_hukou_urban_first_consumption_urban_bal.tex,China,Individuals,6,3591,3591,+0.000
OLS_CHN_hukou_urban_first_consumption_urban_unb.tex,China,Urban,1,0.251,0.289,+0.038
OLS_CHN_hukou_urban_first_consumption_urban_unb.tex,China,Urban,2,0.250,0.287,+0.037
OLS_CHN_hukou_urban_first_consumption_urban_unb.tex,China,Urban,3,0.243,0.283,+0.040
OLS_CHN_hukou_urban_first_consumption_urban_unb.tex,China,Urban,4,0.198,0.234,+0.036
OLS_CHN_hukou_urban_first_consumption_urban_unb.tex,China,Urban,5,0.047,0.025,-0.022
OLS_CHN_hukou_urban_first_consumption_urban_unb.tex,China,Urban,6,0.143,0.172,+0.029
OLS_CHN_hukou_urban_first_consumption_urban_unb.tex,China,Observations,1,28264,28264,+0.000
OLS_CHN_hukou_urban_first_consumption_urban_unb.tex,China,Observations,2,28264,28264,+0.000
OLS_CHN_hukou_urban_first_consumption_urban_unb.tex,China,Observations,3,28264,28264,+0.000
OLS_CHN_hukou_urban_first_consumption_urban_unb.tex,China,Observations,4,28264,28264,+0.000
OLS_CHN_hukou_urban_first_consumption_urban_unb.tex,China,Observations,5,376,376,+0.000
OLS_CHN_hukou_urban_first_consumption_urban_unb.tex,China,Observations,6,28264,28264,+0.000
OLS_CHN_hukou_urban_first_consumption_urban_unb.tex,China,Individuals,1,9024,9024,+0.000
OLS_CHN_hukou_urban_first_consumption_urban_unb.tex,China,Individuals,2,9024,9024,+0.000
OLS_CHN_hukou_urban_first_consumption_urban_unb.tex,China,Individuals,3,9024,9024,+0.000
OLS_CHN_hukou_urban_first_consumption_urban_unb.tex,China,Individuals,4,9024,9024,+0.000
OLS_CHN_hukou_urban_first_consumption_urban_unb.tex,China,Individuals,5,94,94,+0.000
OLS_CHN_hukou_urban_first_consumption_urban_unb.tex,China,Individuals,6,9024,9024,+0.000
OLS_CHN_hukou_urban_first_income_urban_unb.tex,China,Urban,1,0.187,0.228,+0.041
OLS_CHN_hukou_urban_first_income_urban_unb.tex,China,Urban,2,0.240,0.280,+0.040
OLS_CHN_hukou_urban_first_income_urban_unb.tex,China,Urban,3,0.211,0.254,+0.043
OLS_CHN_hukou_urban_first_income_urban_unb.tex,China,Urban,4,0.139,0.180,+0.041
OLS_CHN_hukou_urban_first_income_urban_unb.tex,China,Urban,5,-0.237,-0.150,+0.087
OLS_CHN_hukou_urban_first_income_urban_unb.tex,China,Urban,6,0.100,0.147,+0.047
OLS_CHN_hukou_urban_first_income_urban_unb.tex,China,Observations,1,15567,15482,-85.000
OLS_CHN_hukou_urban_first_income_urban_unb.tex,China,Observations,2,15567,15482,-85.000
OLS_CHN_hukou_urban_first_income_urban_unb.tex,China,Observations,3,15567,15482,-85.000
OLS_CHN_hukou_urban_first_income_urban_unb.tex,China,Observations,4,15567,15482,-85.000
OLS_CHN_hukou_urban_first_income_urban_unb.tex,China,Observations,5,52,48,-4.000
OLS_CHN_hukou_urban_first_income_urban_unb.tex,China,Observations,6,15567,15482,-85.000
OLS_CHN_hukou_urban_first_income_urban_unb.tex,China,Individuals,1,6245,6212,-33.000
OLS_CHN_hukou_urban_first_income_urban_unb.tex,China,Individuals,2,6245,6212,-33.000
OLS_CHN_hukou_urban_first_income_urban_unb.tex,China,Individuals,3,6245,6212,-33.000
OLS_CHN_hukou_urban_first_income_urban_unb.tex,China,Individuals,4,6245,6212,-33.000
OLS_CHN_hukou_urban_first_income_urban_unb.tex,China,Individuals,5,13,12,-1.000
OLS_CHN_hukou_urban_first_income_urban_unb.tex,China,Individuals,6,6245,6212,-33.000
OLS_CHN_hukou_urban_only_consumption_urban_bal.tex,China,Urban,1,0.190,0.212,+0.022
OLS_CHN_hukou_urban_only_consumption_urban_bal.tex,China,Urban,2,0.189,0.210,+0.021
OLS_CHN_hukou_urban_only_consumption_urban_bal.tex,China,Urban,3,0.169,0.198,+0.029
OLS_CHN_hukou_urban_only_consumption_urban_bal.tex,China,Urban,4,0.127,0.152,+0.025
OLS_CHN_hukou_urban_only_consumption_urban_bal.tex,China,Urban,5,0.038,0.015,-0.023
OLS_CHN_hukou_urban_only_consumption_urban_bal.tex,China,Urban,6,0.034,0.039,+0.005
OLS_CHN_hukou_urban_only_consumption_urban_bal.tex,China,Observations,1,13336,13336,+0.000
OLS_CHN_hukou_urban_only_consumption_urban_bal.tex,China,Observations,2,13336,13336,+0.000
OLS_CHN_hukou_urban_only_consumption_urban_bal.tex,China,Observations,3,13336,13336,+0.000
OLS_CHN_hukou_urban_only_consumption_urban_bal.tex,China,Observations,4,13336,13336,+0.000
OLS_CHN_hukou_urban_only_consumption_urban_bal.tex,China,Observations,5,316,316,+0.000
OLS_CHN_hukou_urban_only_consumption_urban_bal.tex,China,Observations,6,13336,13336,+0.000
OLS_CHN_hukou_urban_only_consumption_urban_bal.tex,China,Individuals,1,3334,3334,+0.000
OLS_CHN_hukou_urban_only_consumption_urban_bal.tex,China,Individuals,2,3334,3334,+0.000
OLS_CHN_hukou_urban_only_consumption_urban_bal.tex,China,Individuals,3,3334,3334,+0.000
OLS_CHN_hukou_urban_only_consumption_urban_bal.tex,China,Individuals,4,3334,3334,+0.000
OLS_CHN_hukou_urban_only_consumption_urban_bal.tex,China,Individuals,5,79,79,+0.000
OLS_CHN_hukou_urban_only_consumption_urban_bal.tex,China,Individuals,6,3334,3334,+0.000
OLS_CHN_hukou_urban_only_consumption_urban_unb.tex,China,Urban,1,0.216,0.254,+0.038
OLS_CHN_hukou_urban_only_consumption_urban_unb.tex,China,Urban,2,0.214,0.252,+0.038
OLS_CHN_hukou_urban_only_consumption_urban_unb.tex,China,Urban,3,0.206,0.247,+0.041
OLS_CHN_hukou_urban_only_consumption_urban_unb.tex,China,Urban,4,0.166,0.203,+0.037
OLS_CHN_hukou_urban_only_consumption_urban_unb.tex,China,Urban,5,0.038,0.015,-0.023
OLS_CHN_hukou_urban_only_consumption_urban_unb.tex,China,Urban,6,0.131,0.152,+0.021
OLS_CHN_hukou_urban_only_consumption_urban_unb.tex,China,Observations,1,26155,26155,+0.000
OLS_CHN_hukou_urban_only_consumption_urban_unb.tex,China,Observations,2,26155,26155,+0.000
OLS_CHN_hukou_urban_only_consumption_urban_unb.tex,China,Observations,3,26155,26155,+0.000
OLS_CHN_hukou_urban_only_consumption_urban_unb.tex,China,Observations,4,26155,26155,+0.000
OLS_CHN_hukou_urban_only_consumption_urban_unb.tex,China,Observations,5,316,316,+0.000
OLS_CHN_hukou_urban_only_consumption_urban_unb.tex,China,Observations,6,26155,26155,+0.000
OLS_CHN_hukou_urban_only_consumption_urban_unb.tex,China,Individuals,1,8366,8366,+0.000
OLS_CHN_hukou_urban_only_consumption_urban_unb.tex,China,Individuals,2,8366,8366,+0.000
OLS_CHN_hukou_urban_only_consumption_urban_unb.tex,China,Individuals,3,8366,8366,+0.000
OLS_CHN_hukou_urban_only_consumption_urban_unb.tex,China,Individuals,4,8366,8366,+0.000
OLS_CHN_hukou_urban_only_consumption_urban_unb.tex,China,Individuals,5,79,79,+0.000
OLS_CHN_hukou_urban_only_consumption_urban_unb.tex,China,Individuals,6,8366,8366,+0.000
OLS_CHN_hukou_urban_only_income_urban_unb.tex,China,Urban,1,0.177,0.216,+0.039
OLS_CHN_hukou_urban_only_income_urban_unb.tex,China,Urban,2,0.227,0.266,+0.039
OLS_CHN_hukou_urban_only_income_urban_unb.tex,China,Urban,3,0.195,0.238,+0.043
OLS_CHN_hukou_urban_only_income_urban_unb.tex,China,Urban,4,0.132,0.173,+0.041
OLS_CHN_hukou_urban_only_income_urban_unb.tex,China,Urban,5,-0.188,-0.282,-0.094
OLS_CHN_hukou_urban_only_income_urban_unb.tex,China,Urban,6,0.166,0.199,+0.033
OLS_CHN_hukou_urban_only_income_urban_unb.tex,China,Observations,1,14553,14475,-78.000
OLS_CHN_hukou_urban_only_income_urban_unb.tex,China,Observations,2,14553,14475,-78.000
OLS_CHN_hukou_urban_only_income_urban_unb.tex,China,Observations,3,14553,14475,-78.000
OLS_CHN_hukou_urban_only_income_urban_unb.tex,China,Observations,4,14553,14475,-78.000
OLS_CHN_hukou_urban_only_income_urban_unb.tex,China,Observations,5,36,32,-4.000
OLS_CHN_hukou_urban_only_income_urban_unb.tex,China,Observations,6,14553,14475,-78.000
OLS_CHN_hukou_urban_only_income_urban_unb.tex,China,Individuals,1,5830,5800,-30.000
OLS_CHN_hukou_urban_only_income_urban_unb.tex,China,Individuals,2,5830,5800,-30.000
OLS_CHN_hukou_urban_only_income_urban_unb.tex,China,Individuals,3,5830,5800,-30.000
OLS_CHN_hukou_urban_only_income_urban_unb.tex,China,Individuals,4,5830,5800,-30.000
OLS_CHN_hukou_urban_only_income_urban_unb.tex,China,Individuals,5,9,8,-1.000
OLS_CHN_hukou_urban_only_income_urban_unb.tex,China,Individuals,6,5830,5800,-30.000
OLS_consumption_nonag_unb.tex,Indonesia,Non-agricultural employment,1,0.405,0.390,-0.015
OLS_consumption_nonag_unb.tex,Indonesia,Non-agricultural employment,2,0.405,0.390,-0.015
OLS_consumption_nonag_unb.tex,Indonesia,Non-agricultural employment,3,0.407,0.400,-0.007
OLS_consumption_nonag_unb.tex,Indonesia,Non-agricultural employment,4,0.240,0.237,-0.003
OLS_consumption_nonag_unb.tex,Indonesia,Non-agricultural employment,5,0.084,0.080,-0.004
OLS_consumption_nonag_unb.tex,Indonesia,Non-agricultural employment,6,0.075,0.088,+0.013
OLS_consumption_nonag_unb.tex,Indonesia,Observations,1,69683,69356,-327.000
OLS_consumption_nonag_unb.tex,Indonesia,Observations,2,69683,69356,-327.000
OLS_consumption_nonag_unb.tex,Indonesia,Observations,3,69683,69356,-327.000
OLS_consumption_nonag_unb.tex,Indonesia,Observations,4,69683,69356,-327.000
OLS_consumption_nonag_unb.tex,Indonesia,Observations,5,5330,5295,-35.000
OLS_consumption_nonag_unb.tex,Indonesia,Observations,6,69683,69356,-327.000
OLS_consumption_nonag_unb.tex,Indonesia,Individuals,1,22217,22122,-95.000
OLS_consumption_nonag_unb.tex,Indonesia,Individuals,2,22217,22122,-95.000
OLS_consumption_nonag_unb.tex,Indonesia,Individuals,3,22217,22122,-95.000
OLS_consumption_nonag_unb.tex,Indonesia,Individuals,4,22217,22122,-95.000
OLS_consumption_nonag_unb.tex,Indonesia,Individuals,5,1066,1059,-7.000
OLS_consumption_nonag_unb.tex,Indonesia,Individuals,6,22217,22122,-95.000
OLS_consumption_urban_bal.tex,Indonesia,Urban,1,0.294,0.276,-0.018
OLS_consumption_urban_bal.tex,Indonesia,Urban,2,0.293,0.275,-0.018
OLS_consumption_urban_bal.tex,Indonesia,Urban,3,0.292,0.275,-0.017
OLS_consumption_urban_bal.tex,Indonesia,Urban,4,0.172,0.154,-0.018
OLS_consumption_urban_bal.tex,Indonesia,Urban,5,0.076,0.070,-0.006
OLS_consumption_urban_bal.tex,Indonesia,Urban,6,0.025,0.022,-0.003
OLS_consumption_urban_bal.tex,Indonesia,Observations,1,16420,16275,-145.000
OLS_consumption_urban_bal.tex,Indonesia,Observations,2,16420,16275,-145.000
OLS_consumption_urban_bal.tex,Indonesia,Observations,3,16420,16275,-145.000
OLS_consumption_urban_bal.tex,Indonesia,Observations,4,16420,16275,-145.000
OLS_consumption_urban_bal.tex,Indonesia,Observations,5,6635,6555,-80.000
OLS_consumption_urban_bal.tex,Indonesia,Observations,6,16420,16275,-145.000
OLS_consumption_urban_bal.tex,Indonesia,Individuals,1,3284,3255,-29.000
OLS_consumption_urban_bal.tex,Indonesia,Individuals,2,3284,3255,-29.000
OLS_consumption_urban_bal.tex,Indonesia,Individuals,3,3284,3255,-29.000
OLS_consumption_urban_bal.tex,Indonesia,Individuals,4,3284,3255,-29.000
OLS_consumption_urban_bal.tex,Indonesia,Individuals,5,1327,1311,-16.000
OLS_consumption_urban_bal.tex,Indonesia,Individuals,6,3284,3255,-29.000
OLS_consumption_urban_bal.tex,China,Urban,1,0.401,0.450,+0.049
OLS_consumption_urban_bal.tex,China,Urban,2,0.401,0.450,+0.049
OLS_consumption_urban_bal.tex,China,Urban,3,0.398,0.448,+0.050
OLS_consumption_urban_bal.tex,China,Urban,4,0.277,0.316,+0.039
OLS_consumption_urban_bal.tex,China,Urban,5,0.039,0.030,-0.009
OLS_consumption_urban_bal.tex,China,Urban,6,0.073,0.090,+0.017
OLS_consumption_urban_bal.tex,China,Observations,1,56855,56852,-3.000
OLS_consumption_urban_bal.tex,China,Observations,2,56855,56852,-3.000
OLS_consumption_urban_bal.tex,China,Observations,3,56855,56852,-3.000
OLS_consumption_urban_bal.tex,China,Observations,4,56855,56852,-3.000
OLS_consumption_urban_bal.tex,China,Observations,5,4664,4664,+0.000
OLS_consumption_urban_bal.tex,China,Observations,6,56855,56852,-3.000
OLS_consumption_urban_bal.tex,China,Individuals,1,14214,14213,-1.000
OLS_consumption_urban_bal.tex,China,Individuals,2,14214,14213,-1.000
OLS_consumption_urban_bal.tex,China,Individuals,3,14214,14213,-1.000
OLS_consumption_urban_bal.tex,China,Individuals,4,14214,14213,-1.000
OLS_consumption_urban_bal.tex,China,Individuals,5,1166,1166,+0.000
OLS_consumption_urban_bal.tex,China,Individuals,6,14214,14213,-1.000
OLS_consumption_urban_bal.tex,Tanzania,Urban,1,0.691,0.726,+0.035
OLS_consumption_urban_bal.tex,Tanzania,Urban,2,0.691,0.726,+0.035
OLS_consumption_urban_bal.tex,Tanzania,Urban,3,0.672,0.712,+0.040
OLS_consumption_urban_bal.tex,Tanzania,Urban,4,0.495,0.537,+0.042
OLS_consumption_urban_bal.tex,Tanzania,Urban,5,0.116,0.119,+0.003
OLS_consumption_urban_bal.tex,Tanzania,Urban,6,0.090,0.106,+0.016
OLS_consumption_urban_bal.tex,Tanzania,Observations,1,23526,23526,+0.000
OLS_consumption_urban_bal.tex,Tanzania,Observations,2,23526,23526,+0.000
OLS_consumption_urban_bal.tex,Tanzania,Observations,3,23526,23526,+0.000
OLS_consumption_urban_bal.tex,Tanzania,Observations,4,23526,23526,+0.000
OLS_consumption_urban_bal.tex,Tanzania,Observations,5,3414,3414,+0.000
OLS_consumption_urban_bal.tex,Tanzania,Observations,6,23526,23526,+0.000
OLS_consumption_urban_bal.tex,Tanzania,Individuals,1,7842,7842,+0.000
OLS_consumption_urban_bal.tex,Tanzania,Individuals,2,7842,7842,+0.000
OLS_consumption_urban_bal.tex,Tanzania,Individuals,3,7842,7842,+0.000
OLS_consumption_urban_bal.tex,Tanzania,Individuals,4,7842,7842,+0.000
OLS_consumption_urban_bal.tex,Tanzania,Individuals,5,1138,1138,+0.000
OLS_consumption_urban_bal.tex,Tanzania,Individuals,6,7842,7842,+0.000
OLS_consumption_urban_unb.tex,Indonesia,Urban,1,0.338,0.323,-0.015
OLS_consumption_urban_unb.tex,Indonesia,Urban,2,0.338,0.323,-0.015
OLS_consumption_urban_unb.tex,Indonesia,Urban,3,0.338,0.323,-0.015
OLS_consumption_urban_unb.tex,Indonesia,Urban,4,0.338,0.323,-0.015
OLS_consumption_urban_unb.tex,Indonesia,Urban,5,0.121,0.118,-0.003
OLS_consumption_urban_unb.tex,Indonesia,Urban,6,0.072,0.084,+0.012
OLS_consumption_urban_unb.tex,Indonesia,Observations,1,93037,92244,-793.000
OLS_consumption_urban_unb.tex,Indonesia,Observations,2,93037,92244,-793.000
OLS_consumption_urban_unb.tex,Indonesia,Observations,3,93037,92244,-793.000
OLS_consumption_urban_unb.tex,Indonesia,Observations,4,93037,92244,-793.000
OLS_consumption_urban_unb.tex,Indonesia,Observations,5,6635,6555,-80.000
OLS_consumption_urban_unb.tex,Indonesia,Observations,6,93037,92244,-793.000
OLS_consumption_urban_unb.tex,Indonesia,Individuals,1,29715,29491,-224.000
OLS_consumption_urban_unb.tex,Indonesia,Individuals,2,29715,29491,-224.000
OLS_consumption_urban_unb.tex,Indonesia,Individuals,3,29715,29491,-224.000
OLS_consumption_urban_unb.tex,Indonesia,Individuals,4,29715,29491,-224.000
OLS_consumption_urban_unb.tex,Indonesia,Individuals,5,1327,1311,-16.000
OLS_consumption_urban_unb.tex,Indonesia,Individuals,6,29715,29491,-224.000
OLS_consumption_urban_unb.tex,China,Urban,1,0.422,0.474,+0.052
OLS_consumption_urban_unb.tex,China,Urban,2,0.422,0.474,+0.052
OLS_consumption_urban_unb.tex,China,Urban,3,0.422,0.474,+0.052
OLS_consumption_urban_unb.tex,China,Urban,4,0.422,0.474,+0.052
OLS_consumption_urban_unb.tex,China,Urban,5,0.018,0.009,-0.009
OLS_consumption_urban_unb.tex,China,Urban,6,0.105,0.142,+0.037
OLS_consumption_urban_unb.tex,China,Observations,1,109535,109535,+0.000
OLS_consumption_urban_unb.tex,China,Observations,2,109535,109535,+0.000
OLS_consumption_urban_unb.tex,China,Observations,3,109535,109535,+0.000
OLS_consumption_urban_unb.tex,China,Observations,4,109535,109535,+0.000
OLS_consumption_urban_unb.tex,China,Observations,5,4664,4664,+0.000
OLS_consumption_urban_unb.tex,China,Observations,6,109535,109535,+0.000
OLS_consumption_urban_unb.tex,China,Individuals,1,34746,34746,+0.000
OLS_consumption_urban_unb.tex,China,Individuals,2,34746,34746,+0.000
OLS_consumption_urban_unb.tex,China,Individuals,3,34746,34746,+0.000
OLS_consumption_urban_unb.tex,China,Individuals,4,34746,34746,+0.000
OLS_consumption_urban_unb.tex,China,Individuals,5,1166,1166,+0.000
OLS_consumption_urban_unb.tex,China,Individuals,6,34746,34746,+0.000
OLS_consumption_urban_unb.tex,Tanzania,Urban,1,0.669,0.710,+0.041
OLS_consumption_urban_unb.tex,Tanzania,Urban,2,0.669,0.710,+0.041
OLS_consumption_urban_unb.tex,Tanzania,Urban,3,0.669,0.710,+0.041
OLS_consumption_urban_unb.tex,Tanzania,Urban,4,0.669,0.710,+0.041
OLS_consumption_urban_unb.tex,Tanzania,Urban,5,0.172,0.172,+0.000
OLS_consumption_urban_unb.tex,Tanzania,Urban,6,0.094,0.110,+0.016
OLS_consumption_urban_unb.tex,Tanzania,Observations,1,29862,29862,+0.000
OLS_consumption_urban_unb.tex,Tanzania,Observations,2,29862,29862,+0.000
OLS_consumption_urban_unb.tex,Tanzania,Observations,3,29862,29862,+0.000
OLS_consumption_urban_unb.tex,Tanzania,Observations,4,29862,29862,+0.000
OLS_consumption_urban_unb.tex,Tanzania,Observations,5,3414,3414,+0.000
OLS_consumption_urban_unb.tex,Tanzania,Observations,6,29862,29862,+0.000
OLS_consumption_urban_unb.tex,Tanzania,Individuals,1,11010,11010,+0.000
OLS_consumption_urban_unb.tex,Tanzania,Individuals,2,11010,11010,+0.000
OLS_consumption_urban_unb.tex,Tanzania,Individuals,3,11010,11010,+0.000
OLS_consumption_urban_unb.tex,Tanzania,Individuals,4,11010,11010,+0.000
OLS_consumption_urban_unb.tex,Tanzania,Individuals,5,1138,1138,+0.000
OLS_consumption_urban_unb.tex,Tanzania,Individuals,6,11010,11010,+0.000
OLS_income_urban_unb.tex,Indonesia,Urban,1,0.489,0.473,-0.016
OLS_income_urban_unb.tex,Indonesia,Urban,2,0.513,0.495,-0.018
OLS_income_urban_unb.tex,Indonesia,Urban,3,0.488,0.474,-0.014
OLS_income_urban_unb.tex,Indonesia,Urban,4,0.270,0.257,-0.013
OLS_income_urban_unb.tex,Indonesia,Urban,5,0.091,0.092,+0.001
OLS_income_urban_unb.tex,Indonesia,Urban,6,0.043,0.049,+0.006
OLS_income_urban_unb.tex,Indonesia,Observations,1,58045,56706,-1339.000
OLS_income_urban_unb.tex,Indonesia,Observations,2,58045,56706,-1339.000
OLS_income_urban_unb.tex,Indonesia,Observations,3,58045,56706,-1339.000
OLS_income_urban_unb.tex,Indonesia,Observations,4,58045,56706,-1339.000
OLS_income_urban_unb.tex,Indonesia,Observations,5,3520,3465,-55.000
OLS_income_urban_unb.tex,Indonesia,Observations,6,58045,56706,-1339.000
OLS_income_urban_unb.tex,Indonesia,Individuals,1,19479,19123,-356.000
OLS_income_urban_unb.tex,Indonesia,Individuals,2,19479,19123,-356.000
OLS_income_urban_unb.tex,Indonesia,Individuals,3,19479,19123,-356.000
OLS_income_urban_unb.tex,Indonesia,Individuals,4,19479,19123,-356.000
OLS_income_urban_unb.tex,Indonesia,Individuals,5,704,693,-11.000
OLS_income_urban_unb.tex,Indonesia,Individuals,6,19479,19123,-356.000
OLS_income_urban_unb.tex,China,Urban,1,0.849,0.902,+0.053
OLS_income_urban_unb.tex,China,Urban,2,0.907,0.959,+0.052
OLS_income_urban_unb.tex,China,Urban,3,0.917,0.970,+0.053
OLS_income_urban_unb.tex,China,Urban,4,0.711,0.753,+0.042
OLS_income_urban_unb.tex,China,Urban,5,0.026,0.103,+0.077
OLS_income_urban_unb.tex,China,Urban,6,0.250,0.308,+0.058
OLS_income_urban_unb.tex,China,Observations,1,41405,41107,-298.000
OLS_income_urban_unb.tex,China,Observations,2,41405,41107,-298.000
OLS_income_urban_unb.tex,China,Observations,3,41405,41107,-298.000
OLS_income_urban_unb.tex,China,Observations,4,41405,41107,-298.000
OLS_income_urban_unb.tex,China,Observations,5,308,296,-12.000
OLS_income_urban_unb.tex,China,Observations,6,41405,41107,-298.000
OLS_income_urban_unb.tex,China,Individuals,1,17316,17199,-117.000
OLS_income_urban_unb.tex,China,Individuals,2,17316,17199,-117.000
OLS_income_urban_unb.tex,China,Individuals,3,17316,17199,-117.000
OLS_income_urban_unb.tex,China,Individuals,4,17316,17199,-117.000
OLS_income_urban_unb.tex,China,Individuals,5,77,74,-3.000
OLS_income_urban_unb.tex,China,Individuals,6,17316,17199,-117.000
OLS_income_urban_unb.tex,Tanzania,Urban,1,1.180,1.221,+0.041
OLS_income_urban_unb.tex,Tanzania,Urban,2,1.190,1.231,+0.041
OLS_income_urban_unb.tex,Tanzania,Urban,3,1.199,1.239,+0.040
OLS_income_urban_unb.tex,Tanzania,Urban,4,0.863,0.907,+0.044
OLS_income_urban_unb.tex,Tanzania,Urban,5,0.096,0.101,+0.005
OLS_income_urban_unb.tex,Tanzania,Urban,6,0.060,0.071,+0.011
OLS_income_urban_unb.tex,Tanzania,Observations,1,9339,9339,+0.000
OLS_income_urban_unb.tex,Tanzania,Observations,2,9339,9339,+0.000
OLS_income_urban_unb.tex,Tanzania,Observations,3,9339,9339,+0.000
OLS_income_urban_unb.tex,Tanzania,Observations,4,9339,9339,+0.000
OLS_income_urban_unb.tex,Tanzania,Observations,5,777,777,+0.000
OLS_income_urban_unb.tex,Tanzania,Observations,6,9339,9339,+0.000
OLS_income_urban_unb.tex,Tanzania,Individuals,1,3874,3874,+0.000
OLS_income_urban_unb.tex,Tanzania,Individuals,2,3874,3874,+0.000
OLS_income_urban_unb.tex,Tanzania,Individuals,3,3874,3874,+0.000
OLS_income_urban_unb.tex,Tanzania,Individuals,4,3874,3874,+0.000
OLS_income_urban_unb.tex,Tanzania,Individuals,5,259,259,+0.000
OLS_income_urban_unb.tex,Tanzania,Individuals,6,3874,3874,+0.000
