name_stata,coef,se,name_norm,name_py,coef_py,se_py,delta_coef,delta_se
mu:never,11.35112688978651,0.0158405557494616,mu:never,mu:never,11.351128422281189,0.0158405556405464,-1.5324946787131921e-06,1.0891519977573871e-10
mu:switcher_2,11.12871287620327,0.0232781506269828,mu:switcher_2,mu:switcher_2,11.132592256163608,0.0258525025330528,-0.0038793799603382695,-0.0025743519060699993
mu:switcher_3,11.45677619992896,0.0612025787976193,mu:switcher_3,mu:switcher_3,11.455854749719387,0.0613239625401142,0.0009214502095726829,-0.00012138374249490158
mu:switcher_4,11.18310514884322,0.024197119793992,mu:switcher_4,mu:switcher_4,11.18898300571136,0.0260360861086079,-0.005877856868140796,-0.0018389663146159002
mu:switcher_5,11.50972171746261,0.0440747219126531,mu:switcher_5,mu:switcher_5,11.512623985465089,0.0458579401077112,-0.0029022680024795022,-0.0017832181950580978
mu:switcher_6,11.16634870712904,0.0484320291371371,mu:switcher_6,mu:switcher_6,11.171892630672184,0.0492479124785196,-0.005543923543143592,-0.0008158833413824951
mu:switcher_7,11.42420015848748,0.0837189848635213,mu:switcher_7,mu:switcher_7,11.427970253297923,0.0835181945036253,-0.003770094810443325,0.00020079035989600813
mu:switcher_8,11.21858052585081,0.0245287020254905,mu:switcher_8,mu:switcher_8,11.223752129451473,0.0255066663944622,-0.005171603600663488,-0.0009779643689716983
mu:switcher_9,11.5790229222839,0.0396932958112248,mu:switcher_9,mu:switcher_9,11.585535243765404,0.0440929297334836,-0.006512321481505268,-0.004399633922258804
mu:switcher_10,11.30649866287624,0.0564477012752255,mu:switcher_10,mu:switcher_10,11.312853838837873,0.0559145966202793,-0.0063551759616320425,0.000533104654946201
mu:switcher_11,20.39262344460231,8.939799094361339,mu:switcher_11,mu:switcher_11,11.380009227291604,1.885975647544856,9.012614217310707,7.053823446816483
mu:switcher_12,11.30635920069487,0.0429481557963762,mu:switcher_12,mu:switcher_12,11.311816048355936,0.0426176428985678,-0.005456847661067243,0.0003305128978084021
mu:switcher_13,11.57851031184162,0.0442597236737228,mu:switcher_13,mu:switcher_13,11.587027122899032,0.0493571322808722,-0.008516811057411644,-0.005097408607149398
mu:switcher_14,11.2875070522384,0.0787835294173446,mu:switcher_14,mu:switcher_14,11.2618667488657,0.0770848492098543,0.0256403033727004,0.0016986802074902968
mu:switcher_15,11.46085809705565,0.0476844334715282,mu:switcher_15,mu:switcher_15,11.466292174333452,0.0490685716914936,-0.005434077277801208,-0.0013841382199654
mu:switcher_16,11.22167595482227,0.0270785322911065,mu:switcher_16,mu:switcher_16,11.223627525623286,0.0280736647436942,-0.0019515708010153787,-0.0009951324525877027
mu:switcher_17,11.73444889611831,0.0366672652050327,mu:switcher_17,mu:switcher_17,11.743961023393451,0.0463025437506152,-0.009512127275140614,-0.0096352785455825
mu:switcher_18,11.49397148656744,0.0545697379750563,mu:switcher_18,mu:switcher_18,11.497012633869854,0.055544207951095,-0.0030411473024134494,-0.0009744699760386999
mu:switcher_19,11.49235467023972,0.0422824440026804,mu:switcher_19,mu:switcher_19,11.498698737286468,0.0449318166634811,-0.0063440670467471705,-0.002649372660800703
mu:switcher_20,11.32965152749941,0.0352039715024186,mu:switcher_20,mu:switcher_20,11.334510298852951,0.0349852468396948,-0.004858771353541513,0.00021872466272380292
mu:switcher_21,11.52434918924549,0.0678282118448091,mu:switcher_21,mu:switcher_21,11.527303873200484,0.0689438024180299,-0.0029546839549947634,-0.0011155905732208038
mu:switcher_22,11.45824278568607,0.0634634355189065,mu:switcher_22,mu:switcher_22,11.481969821277056,0.0633509015467649,-0.0237270355909871,0.00011253397214160132
mu:switcher_23,11.52141351683509,0.0759949011912766,mu:switcher_23,mu:switcher_23,11.536625993488409,0.074950822105445,-0.015212476653319484,0.0010440790858315951
mu:switcher_24,11.3814360132993,0.0254795448296707,mu:switcher_24,mu:switcher_24,11.386358941764517,0.0259911653322594,-0.0049229284652163585,-0.0005116205025887006
mu:switcher_25,11.69312817482329,0.0559662831842834,mu:switcher_25,mu:switcher_25,11.694872868218098,0.0630975843777132,-0.0017446933948086496,-0.0071313011934298065
mu:switcher_26,11.48251094012183,0.063898846689359,mu:switcher_26,mu:switcher_26,11.485869413407473,0.0646246752296927,-0.003358473285642205,-0.0007258285403337061
mu:switcher_27,11.42195205884335,0.049641742282287,mu:switcher_27,mu:switcher_27,11.28073515851459,0.0359394345526577,0.14121690032876089,0.013702307729629305
mu:switcher_28,11.37835211234041,0.0352684825419907,mu:switcher_28,mu:switcher_28,11.39516461292959,0.0353984222881819,-0.016812500589178825,-0.00012993974619120163
mu:switcher_29,11.78999090966984,0.0615724715805099,mu:switcher_29,mu:switcher_29,11.794268654955156,0.0723905912772177,-0.0042777452853162146,-0.010818119696707797
mu:switcher_30,11.50367092923932,0.0467118888712831,mu:switcher_30,mu:switcher_30,11.565091138087114,0.0490772953940248,-0.0614202088477942,-0.0023654065227416976
mu:switcher_31,11.09932730469777,0.1258538838441881,mu:switcher_31,mu:switcher_31,11.566472270889646,0.1185649176693215,-0.46714496619187607,0.007288966174866601
Delta_base:_cons,0.8483075961609827,0.0472709291504662,Delta_base,Delta_base:_cons,0.853780718874843,0.0477405236352243,-0.005473122713860246,-0.0004695944847580985
phi:_cons,-2.445469542620093,0.0704574065695311,phi,phi:_cons,-2.463889953947913,0.199087459914289,0.01842041132782013,-0.1286300533447579
kappa:_cons,11.28753291886754,0.0291383815984519,kappa,kappa:_cons,11.295803626813566,0.0289696559724783,-0.008270707946024913,0.00016872562597360086
xb:unbalanced,11.37151246783156,0.0050272161959578,xb:unbalanced,xb:unbalanced,11.37151238401123,0.0050272161408348,8.382032845588583e-08,5.512299991461411e-11
xb:unbalanced_choice,-0.4711791535405895,0.0478343077887608,xb:unbalanced_choice,xb:unbalanced_choice,-0.4766521924595316,0.0482984249850497,0.00547303891894213,-0.0004641171962889018
